,
styleblazer.com,dupsies.com
tendancespeoplemag.com,afrikrea.com
jewelryadvertising.com,
technologytimes.ng,zuvaa.com
dnatestedafricans.org,dupsies.com
albumeria.ru,
albumsale.ru,
blutegel.de,zuvaa.com
blackqueenafricanproducts.com,dupsies.com
childrenlyrics.ru,
salwar.com,
albumizer.ru,
kofiyeboah.com,zuvaa.com
mp3ery.ru,
ecommerce-platforms.com,zuvaa.com
artistator.ru,
mp3icon.ru,
songparty.ru,
webvirtue.com,afrikrea.com
thenervousbreakdown.com,
howtoplaza.com,dupsies.com
artistgraph.ru,
purevolume.com,zabbadesigns.com
cp-africa.com,zuvaa.com
artistopoly.ru,
artisthouse.ru,
albumplaza.ru,
lemonde.fr,
jadore-fashion.com,zuvaa.com
albumload.ru,
chidinmainspirations.com,african-clothing-girls.dupsies.com
diaryofahollywoodstreetking.com,dupsies.com
inoartist.ru,
musicdog.ru,
mp3bus.ru,
albumality.ru,
songage.ru,
songdom.ru,
albumwright.ru,
afkinsider.com,dupsies.com
artistrigger.ru,
ivy-mag.com,afrikrea.com
acousticlyrics.ru,
lyricsbase.ru,
URL,Target URL
jewelrybest.com,
microensure.com,zuvaa.com
joliebabyshower.com,afrikrea.com
dmoz.org,dupsies.com
songmill.ru,
xcracer.com,zuvaa.com
darkitty.net,afrikrea.com
denverurbanspectrum.com,zuvaa.com
gajrajtravels.com,
berkana-hotel.ru,
fashionmeetsmusic.com,zuvaa.com
ojei.org,afrikrea.com
mp3wizard.ru,
pressportal.pr.co,zabbadesigns.com
afrobynature.com,afrikrea.com
plussizeyellowpages.org,
cinemajokes.ru,
timodelle-magazine.com,afrikrea.com
milieux.com,
mp3grabli.ru,
theroot.com,zuvaa.com
artistplaza.ru,
"""   :: Costuming Sources:: Garb""""""",Yes
thefeministwire.com,zuvaa.com
songbay.ru,
nawmagazine.com,magazine.zuvaa.com
techmoran.com,zuvaa.com
web-directory-sites.org,zuvaa.com
albumcash.ru,
blackbeautybag.com,afrikrea.com
globecroqueuse.canalblog.com,afrikrea.com
phpdevelopmentservices.com,afrikrea.com
lyman-design.com,
staging.vc4africa.biz,afrikrea.com
jewelrysingle.com,
missandrealewis.com,magazine.zuvaa.com
microsoft.crowdnetic.com,zuvaa.com
songroam.ru,
fashizblack.com,afrikrea.com
mp3rigger.ru,
rsv-group.ru,
mp3milk.ru,
lexiwiththecurls.com,zuvaa.com
web.newsguy.com,zuvaa.com
albumfox.ru,
orisalifestyle.com,dupsies.com
albumblab.ru,
laceriseelectrique.com,afrikrea.com
afrokidzstyle.com,afrikrea.com
help.ieg4.com,
songbuzz.ru,
styleuntamed.com,zabbadesigns.com
thecurvycutie.com,zuvaa.com
albumkin.ru,
sylvina.com,dupsies.com
weddings.lovetoknow.com,dupsies.com
centre-indigo.net,afrikrea.com
hdimagelib.com,dupsies.com
t2al.com,afrikrea.com
childrenmp3.ru,
mp3mill.ru,
jewanda-magazine.com,
africantvnetworkmall.com,dupsies.com
luniquepourbebe.com,afrikrea.com
,
getthatwholesale.com,dupsies.com
afrokanlife.com,afrikrea.com
pagnifik.com,
weblab.springfieldcollege.edu,dupsies.com
indraethnik.com,zuvaa.com
songmaven.ru,
olalaclub.ru,
idealsites.net,
dailytoa.st,zuvaa.com
layitiadesign.com,afrikrea.com
musicharbor.ru,
ecommerce.shopify.com,zabbadesigns.com
albumarray.ru,
artistfunds.ru,
inmethod.com,zuvaa.com
funksong.ru,
urbanluxfab.com,zuvaa.com
mp3terium.ru,
xianf.net,dupsies.com
comedylyrics.ru,
dezangozone.com,zabbadesigns.com
allafricanclothes.com,dupsies.com
againstscience.com,
lisacanizales36.yolasite.com,zabbadesigns.com
digitalundivided.com,zuvaa.com
traditionalclothes.co.za,dupsies.com
est-ensemble.fr,afrikrea.com
nappydays.fr,afrikrea.com
khartoumguide.info,zabbadesigns.com
elle.fr,afrikrea.com
dansedescouleurs.fr,afrikrea.com
y2kpublishing.com,zuvaa.com
artistsphere.ru,
makeupfun.it,afrikrea.com
albumfin.ru,
techofafrica.com,afrikrea.com
albumineer.ru,
mp3edition.ru,
blackenterprise.com,zuvaa.com
forums.oscommerce.com,dupsies.com
beautifulnaturelle.com,afrikrea.com
pinterest.com,zuvaa.com
africine.org,afrikrea.com
dlvr.it,dupsies.com
centre-indigo.com,afrikrea.com
putsonline.co.uk,zuvaa.com
folksong.ru,
stylelisting.com,
albumunit.ru,
funklyrics.ru,
mp3colony.ru,
mp3town.ru,
rockstarrnaturally.com,zuvaa.com
techcabal.com,zuvaa.com
theheiressblog.blogspot.in,zabbadesigns.com
albumframe.ru,
zabba-designs.myshopify.com,zabbadesigns.com
shopping-feeds.com,
becuo.com,dupsies.com
childrens-clothing.lovetoknow.com,dupsies.com
artistvault.ru,
songboss.ru,
positiveblackbrothers.com,dupsies.com
h-log.com,dupsies.com
maddyness.com,afrikrea.com
songrange.ru,
gingersoftware.com,zabbadesigns.com
mp3gram.ru,
prlog.ru,
bougieblackgirl.com,zuvaa.com
songzone.ru,
siteownersforums.com,zabbadesigns.com
mp3forge.ru,
songtary.ru,
blueslyrics.ru,
listingfashion.com,
lyricsbay.ru,
acousticmp3.ru,
mp3pride.ru,
mp3squawk.ru,
thestylehq.com,zuvaa.com
artistcoin.ru,
songdock.ru,
mp3sphere.ru,
coolthepictures.com,dupsies.com
esprit-riche.com,
news.scoopasia.com,zabbadesigns.com
ideas-networks.com,
brownskin.fr,
amoodygirlscloset.com,afrikrea.com
theprettybrownbride.com,zuvaa.com
takebackhalloween.org,dupsies.com
latinlyrics.ru,
quefaire.paris.fr,afrikrea.com
inosongs.ru,
mp3guild.ru,
latinsong.ru,
alternativemp3.ru,
artistmator.ru,
from-tradeshow.com,afrikrea.com
nigerianwedding.net,dupsies.com
ways2gogreenblog.com,zabbadesigns.com
mp3journey.ru,
africashionstyle.com,zuvaa.com
madamenoire.com,magazine.zuvaa.com
bonjouridee.com,
songcutter.ru,
mp3idian.ru,
africandistrict.com,zuvaa.com
mycoloures.com,african-clothing-women.dupsies.com
the-globe.com,dupsies.com
bibinigh.com,african-clothing-couples.dupsies.com
artistchilla.ru,
imagepo.com,
songnote.ru,
dancelyrics.ru,
csschopper.com,afrikrea.com
techpoint.ng,zuvaa.com
albumcycle.ru,
jewelerplace.com,
musicyard.ru,
forums.petlovers.com,zuvaa.com
link-minded.com,zuvaa.com
mp3map.ru,
artistverse.ru,
cafebabel.fr,afrikrea.com
vetements.bioetbienetre.fr,afrikrea.com
d7258206.temp157.hostica.com,zabbadesigns.com
yosmi.ru,
alfa-img.com,dupsies.com
awearness-fashion.nl,zuvaa.com
adiree.com,
picbi.com,zuvaa.com
centre-indigo.fr,afrikrea.com
sitozerskoe.ru,
zebralinks.com,zuvaa.com
allthingsankara.com,zuvaa.com
afreecatic.org,afrikrea.com
ayele.org,afrikrea.com
artistster.ru,
newsbox.prnews.io,zabbadesigns.com
smartpowerny.org,dupsies.com
ghettobeasties.com,dupsies.com
albumiance.ru,
forum.associateprograms.com,zabbadesigns.com
thebridge.att.net,zuvaa.com
albumleague.ru,
islamitische-kleding.startpagina.nl,dupsies.com
hdallery.com,afrikrea.com
a1webdirectory.org,dupsies.com
nyanyan.to,dupsies.com
nikkibilliejean.com,zuvaa.com
songlink.ru,
botw.org,dupsies.com
idontdoclubs.com,zuvaa.com
azertyjobs.com,afrikrea.com
startupbrics.com,afrikrea.com
mp3superman.ru,
electronicmp3.ru,
albumcrossing.ru,
plussizeyellowpages.com,
childrensong.ru,
songlope.ru,
zafros.com,afrikrea.com
popularphotographybiz.com,dupsies.com
ayaa-opinion.com,afrikrea.com
longhairstyles2014-2015.com,zabbadesigns.com
mp3times.ru,
tamacali.com,afrikrea.com
artipot.com,zabbadesigns.com
formulamp3.ru,
jamiiforums.com,dupsies.com
naimadolls.com,zuvaa.com
frenchweb.fr,
carreaudutemple.eu,afrikrea.com
mp3ency.ru,
allthingslarge.com,dupsies.com
havenafrica.com,zabbadesigns.com
mp3mira.ru,
theglobe.net,dupsies.com
personifind.com,afrikrea.com
appsafrica.com,
bidhopper.com,dupsies.com
artistrain.ru,
marketwatch.crowdnetic.com,zuvaa.com
shuppa-beauty-world.fr,afrikrea.com
artistace.ru,
ehow.com,dupsies.com
mp3dock.ru,
artistbug.ru,
scheena.com,afrikrea.com
blushingblack.com,zuvaa.com
asdelaperfection.com,afrikrea.com
blog.metrilo.com,magazine.zuvaa.com
musicalmp3.ru,
findingnkem.com,zuvaa.com
holidaymusic.ru,
webzine.unitedfashionforpeace.com,afrikrea.com
africantvnetwork.com,dupsies.com
tissame.com,afrikrea.com
lyricstown.ru,
songtown.ru,
artistwick.ru,
blogs.rollcall.com,dupsies.com
waxindeco.com,afrikrea.com
albumate.ru,
musicverse.ru,
ideasnet.net,
patech.org,zuvaa.com
lyricswave.ru,
mounaicrea.fr,afrikrea.com
mp3tribe.ru,
albumexchange.ru,
afrosomething.com,afrikrea.com
songfish.ru,
totem-world.com,afrikrea.com
boxwind.com,dupsies.com
theheiressblog.blogspot.co.uk,zabbadesigns.com
reggaelyrics.ru,
songism.ru,
emploi.presse-citron.net,afrikrea.com
earhustle411.com,zuvaa.com
mybeautifullife.me,zuvaa.com
songmancer.ru,
artistjaunt.ru,
les7rituels.com,afrikrea.com
