software,Broad
virtual,Broad
idea,Broad
example,Broad
print,Broad
e greeting,Broad
pet,Broad
email,Broad
templates,Broad
free,Broad
downloadable,Broad
supplies,Broad
ecards,Broad
template,Broad
what to,Broad
e cards,Broad
[business card],Exact
ecard,Broad
papyrus,Broad
how to,Broad
e business card,Broad
egreeting,Broad
to print,Broad
download,Broad
printable,Broad
e card,Broad
pet loss,Broad
playing cards,Broad
make your own,Broad
e mail,Broad
digital,Broad
examples,Broad
create your own,Broad
writing,Broad
e business cards,Broad
electronic,Broad
fireman,Broad
write,Broad
